keyword|volume
comparis haus kaufen|1900
eigentumswohnung kaufen|1900
wohnung kaufen bern|1100
wohnung kaufen zÃ¼rich|1000
immoscout haus kaufen|500
haus am see kaufen|450
immoscout24 wohnung kaufen|350
haus am meer kaufen|250
immobilie kaufen|200
kleines haus kaufen|150
wohnung haus kaufen|150
wohnung kaufen schweiz|150
comparis immobilie kaufen|90
wohnung bern kaufen|70
eigentumswohnung kaufen zÃ¼rich|60
mieten oder kaufen|60
eigentum kaufen|40
haus zum renovieren kaufen schweiz|40
haus mit pferdestall kaufen schweiz|30
eigentumswohnung kaufen bern|30
wohnung oder haus kaufen|20
immobilie kaufen schweiz|20
immobilie kaufen thun|20
kaufen oder mieten|20
eigenheim kaufen|10
mieten oder kaufen rechner schweiz|10
mieten oder kaufen schweiz|10
wohneigentum kaufen|10
immobilie am see kaufen schweiz|0
eigenheim kaufen was beachten|0
stockwerkeigentum kaufen|0
eigentum kaufen schweiz|0
immobilie kaufen ohne eigenkapital|0
unverheiratet immobilie kaufen schweiz|0
immobilie kaufen schweiz auslÃ¤nder|0
haus zum renovieren kaufen|0
eigentum kaufen rechner|0
eigenheim kaufen ohne eigenkapital|0